feature	metadata	value	coef	stderr	N	N.not.0	pval	qval
Enterococcus	Location	Urban	-1.02672745882566	0.17262486253422	114	79	2.02643538247039e-07	9.11895922111677e-05
Streptococcus	EntColi	TRUE	-0.796456064196133	0.186254151326323	114	99	4.14707805179166e-05	0.00933092561653123
Collinsella	AgeC	AgeC	0.216666205927606	0.0512138366189836	114	64	8.13339072677822e-05	0.0122000860901673
Butyrivibrio	Location	Urban	0.838897470928551	0.214913094247272	114	58	0.000244778186245433	0.0275375459526112
Escherichia.Shigella	AgeC	AgeC	-0.965904570491421	0.250510425150577	114	112	0.000328005274632162	0.0295204747168946
Mitsuokella	AgeC	AgeC	0.236852649171337	0.0656569814723275	114	61	0.000628244169059746	0.047118312679481
Bifidobacterium	AgeC	AgeC	0.206528830991376	0.0586497792621245	114	113	0.000846823069121308	0.0519722027523086
Lachnospiraceae_UCG.001	AgeC	AgeC	0.187919573770123	0.0540387931275667	114	57	0.000923950271152153	0.0519722027523086
Senegalimassilia	AgeC	AgeC	0.11615973825783	0.0341318481807569	114	47	0.00124385820563896	0.0621929102819481
Alistipes	AgeC	AgeC	0.25091575415094	0.0763623758282193	114	101	0.00168967479737912	0.063469102240768
Anaerovibrio	Location	Urban	-0.502716678119199	0.152688947767402	114	31	0.00169250939308715	0.063469102240768
Succinivibrio	AgeC	AgeC	0.198745827271894	0.0606109226722004	114	52	0.00164622475470428	0.063469102240768
Oscillospira	Location	Urban	0.162455544506852	0.0499859494697872	114	18	0.00194607885150865	0.0647676652371287
Enterobacter	Location	Urban	0.404005360902004	0.127704082969266	114	47	0.00201499402959956	0.0647676652371287
Lachnospira	Location	Urban	0.442823841934092	0.138860930482726	114	90	0.00230331763076905	0.0690995289230716
Izemoplasmatales	Location	Urban	0.580875806191473	0.195165507513351	114	79	0.00358779243468963	0.0896948108672408
Enterococcus	EntColi	TRUE	-0.573997864060564	0.190833087086914	114	79	0.00327400475478319	0.0896948108672408
RF39	EntColi	TRUE	0.579934233906112	0.194081806662048	114	83	0.00346837626921915	0.0896948108672408
Enterococcus	AgeC	AgeC	-0.902919122488899	0.296505329388063	114	79	0.00388749379191112	0.0920722213873687
Slackia	AgeC	AgeC	0.0851821792407275	0.0289501265503389	114	15	0.00500984857649249	0.0946324291430589
Lactococcus	Location	Urban	-0.30380735340837	0.105177832662665	114	28	0.00466294957693691	0.0946324291430589
X.Eubacterium._ventriosum_group	AgeC	AgeC	0.803400501590019	0.26743847464061	114	93	0.0047097128784648	0.0946324291430589
Lachnospiraceae_NK4A136_group	AgeC	AgeC	0.167292074809954	0.0563787442269342	114	101	0.00425878980515492	0.0946324291430589
TM7x	AgeC	AgeC	0.0592644197671938	0.0207087402360519	114	11	0.00504706288762981	0.0946324291430589
Peptoniphilus	AgeC	AgeC	0.0932941628224708	0.0327786017661366	114	13	0.00527938851427233	0.0950289932569019
Peptococcus	AgeC	AgeC	0.140805058051803	0.0495681532134798	114	94	0.00607186541681096	0.105089978367882
Defluviitaleaceae_UCG.011	EntColi	TRUE	0.361247526650723	0.132409203207086	114	100	0.00742258937426027	0.12291415887837
UCG.008	Location	Urban	0.139590629152931	0.0505488328040589	114	14	0.00764799210798748	0.12291415887837
Christensenellaceae_R.7_group	EntColi	TRUE	0.453782783108273	0.170435774189836	114	108	0.0089425854822939	0.138280125886776
vadinBE97	EntColi	TRUE	0.534656409856521	0.200709337757971	114	78	0.00921867505911837	0.138280125886776
Izemoplasmatales	EntColi	TRUE	0.616970386133333	0.240833941957508	114	79	0.0117661589599561	0.1444461223952
Lactobacillus	AgeC	AgeC	0.113262029280082	0.0430917467810393	114	24	0.010986574560305	0.1444461223952
X.Eubacterium._eligens_group	Location	Urban	0.322410849596683	0.123265007191289	114	85	0.0101575561944964	0.1444461223952
Family_XIII_AD3011_group	EntColi	TRUE	0.292967200525401	0.11396447329061	114	105	0.0114937531286679	0.1444461223952
Anaerovibrio	AgeC	AgeC	0.13704056354785	0.0528086337628541	114	31	0.0118766811747164	0.1444461223952
Klebsiella	AgeC	AgeC	-0.84762150957388	0.316751761035803	114	83	0.0112125516432787	0.1444461223952
Akkermansia	AgeC	AgeC	0.121295990910897	0.0461473490777647	114	25	0.0109989755460729	0.1444461223952
Vagococcus	Location	Urban	-0.139782738324005	0.0548832073531278	114	9	0.0122504584362925	0.145071218324516
Subdoligranulum	AgeC	AgeC	0.15007955437545	0.05903482638687	114	42	0.0133882625149448	0.154479952095517
Dorea	EntColi	TRUE	-0.193877153541176	0.0778542673489023	114	111	0.0142860474252935	0.160718033534551
Anaeroplasma	AgeC	AgeC	0.150914822254846	0.0615994726813155	114	39	0.0169606803099783	0.164227537798087
X.Bacteroides._pectinophilus_group	Location	Urban	0.0952849556875571	0.0391351830690416	114	11	0.0178825541157917	0.164227537798087
X.Bacteroides._pectinophilus_group	AgeC	AgeC	0.172312324656151	0.0617862476711372	114	11	0.01759720990756	0.164227537798087
X.Ruminococcus._torques_group	EntColi	TRUE	-0.325334776496968	0.134077723708091	114	100	0.0168926532666023	0.164227537798087
Lachnospiraceae_ND3007_group	Location	Urban	0.237389136427034	0.096702016288253	114	100	0.0170933320571527	0.164227537798087
X.Eubacterium._coprostanoligenes_group	AgeC	AgeC	0.116935187999317	0.0477382947531755	114	111	0.0169942454029049	0.164227537798087
Hydrogenoanaerobacterium	Location	Urban	0.147172197208981	0.0590130417628046	114	19	0.0153981020614413	0.164227537798087
Phocea	AgeC	AgeC	-0.191678848444108	0.07739342249337	114	17	0.0175350395386739	0.164227537798087
Allisonella	EntColi	TRUE	-0.334103095663343	0.137184159222788	114	79	0.0167697743253606	0.164227537798087
Vagococcus	AgeC	AgeC	-0.0647964030617207	0.0273307830886575	114	9	0.0194884952801315	0.168048642407917
Oscillospira	EntColi	TRUE	0.13788631697473	0.0579897926673044	114	18	0.0191559002404105	0.168048642407917
CAG.352	AgeC	AgeC	0.209477884416989	0.0885007424466892	114	40	0.0197923956613769	0.168048642407917
Parvimonas	Location	Urban	0.131153761273056	0.054771147200222	114	16	0.0197723141916447	0.168048642407917
Streptococcus	AgeC	AgeC	-0.703850719927163	0.291714734003031	114	99	0.0209384143148223	0.172920817208832
Howardella	Location	Urban	-0.196051779452029	0.0827434556475893	114	30	0.0211347665477461	0.172920817208832
Clostridia_UCG.014	AgeC	AgeC	0.936184376793284	0.347881024252209	114	97	0.0222047146244323	0.178430742517759
Akkermansia	EntColi	TRUE	0.302959699963308	0.131253136237118	114	25	0.0229586099777502	0.18125218403487
Blautia	EntColi	TRUE	-0.258150442703236	0.113658727788774	114	112	0.0250762837786027	0.194557374144331
Izemoplasmatales	AgeC	AgeC	0.219056134163867	0.0971886740859571	114	79	0.0261824725022747	0.198441097170501
Coprococcus	AgeC	AgeC	0.101437664879929	0.0447289611778767	114	111	0.0266374376237546	0.198441097170501
Roseburia	EntColi	TRUE	-0.348733395234961	0.155446834611337	114	109	0.0268997931720013	0.198441097170501
Fenollaria	AgeC	AgeC	0.0885038604715347	0.0401239138714989	114	27	0.0294802024282929	0.213969211173093
X.Eubacterium._xylanophilum_group	AgeC	AgeC	0.458443499256803	0.200660390854216	114	60	0.0353413857454827	0.252438469610591
UCG.003	EntColi	TRUE	-0.272286163126489	0.128326038328494	114	104	0.0361017678540475	0.253840555223772
RF39	AgeC	AgeC	0.617430611864916	0.2668110554668	114	83	0.0385731954697768	0.262999060021206
Anaerotruncus	Location	Urban	0.18595864007652	0.0877631318559181	114	32	0.0385226007976239	0.262999060021206
Sutterella	EntColi	TRUE	-0.20896781197931	0.100394892232596	114	113	0.0397284334635373	0.266832762068534
Butyrivibrio	AgeC	AgeC	0.161931567066827	0.0778711125908475	114	58	0.0418161573728371	0.273247743760462
Hydrogenoanaerobacterium	EntColi	TRUE	0.138007639949373	0.0670385470928593	114	19	0.0418979873766041	0.273247743760462
UCG.007	EntColi	TRUE	0.119143624025125	0.058107493173882	114	17	0.0427523326603	0.274836424244786
Parasutterella	AgeC	AgeC	0.0731936884350302	0.0358472115177696	114	17	0.0450698034973746	0.28565368413829
Defluviitaleaceae_UCG.011	AgeC	AgeC	0.373536417793559	0.175005125170891	114	100	0.0457456019117553	0.285910011948471
Gemella	EntColi	TRUE	-0.150679333835583	0.0751405297240188	114	21	0.0474978858782887	0.286041280305013
Sneathia	AgeC	AgeC	0.06039680910623	0.0298543387842037	114	12	0.0470585856054342	0.286041280305013
Haemophilus	Location	Urban	0.2325544020315	0.11492039617075	114	34	0.0476735467175021	0.286041280305013
Candidatus_Soleaferrea	Location	Urban	0.328122868705089	0.163650099624	114	68	0.0496086089433131	0.293735184532775
Defluviitaleaceae_UCG.011	Location	Urban	0.211565539333898	0.107735756913179	114	100	0.0520959059993849	0.304456593502899
Eubacterium	EntColi	TRUE	0.0632338626222478	0.0325470042305544	114	5	0.0546099735449928	0.307181101190584
Moryella	AgeC	AgeC	0.0657796600918977	0.0335227720520169	114	93	0.0539932719004673	0.307181101190584
Subdoligranulum	EntColi	TRUE	-0.297676610707119	0.152351261126244	114	42	0.0532598920876233	0.307181101190584
Lachnospiraceae_FCS020_group	AgeC	AgeC	0.0866919999205065	0.0444465597979019	114	62	0.055678326493566	0.309324036075367
X.Eubacterium._siraeum_group	Location	Urban	0.388540981038608	0.201128630017071	114	98	0.0582623895367844	0.319732625506744
UCG.003	AgeC	AgeC	0.0954612833391417	0.0496980992536946	114	104	0.0590850739601298	0.320340762434439
Flavonifractor	EntColi	TRUE	-0.33842630965749	0.178614646366952	114	53	0.0607708649281146	0.325558204972042
Tyzzerella	Location	Urban	0.239812689898224	0.127018905612037	114	31	0.0616698638302918	0.326487514395663
Marvinbryantia	AgeC	AgeC	0.0637225707059963	0.0340088860630447	114	27	0.0636251898404372	0.332922504979032
Dialister	Location	Urban	0.485483024334873	0.258494019914011	114	106	0.0654475139091573	0.338521623668055
Victivallis	EntColi	TRUE	0.178151763548869	0.096318420749797	114	33	0.0671025453668633	0.343138016080551
Hungatella	AgeC	AgeC	-0.0614321599825225	0.0335603373461909	114	10	0.0698831900442813	0.353341972134006
Rothia	Location	Urban	0.0563870215199709	0.0307425911327736	114	8	0.0715956296800089	0.355687715620292
Paracoccus	Location	Urban	0.170141070704189	0.0936290454941565	114	30	0.0719279602698812	0.355687715620292
Rikenellaceae_RC9_gut_group	Location	Urban	-0.679604340585838	0.372795114852881	114	82	0.0734227981381653	0.359133251762765
Helicobacter	EntColi	TRUE	0.0369838632787697	0.0206008887075601	114	2	0.0753998786333259	0.364838122419319
Parvimonas	AgeC	AgeC	0.0480339835891318	0.0269197724711894	114	16	0.0787726700711359	0.377103207787353
Agathobacter	EntColi	TRUE	-0.294855989798957	0.166702178240729	114	104	0.079824623951113	0.37811663976843
X.Eubacterium._hallii_group	EntColi	TRUE	-0.168776227631042	0.0960613021664239	114	110	0.0817064544453326	0.382999005212497
Treponema	AgeC	AgeC	0.730251423509534	0.373814674504033	114	26	0.0828172667373987	0.384203814761128
Intestinimonas	EntColi	TRUE	0.142527331115065	0.0815095531526199	114	25	0.0840079390816486	0.384745690851721
UCG.010	EntColi	TRUE	0.296436626753863	0.170796664530711	114	107	0.0854990424114935	0.384745690851721
Veillonella	AgeC	AgeC	-0.338274312344121	0.188392792170707	114	31	0.0848189723708156	0.384745690851721
X.Eubacterium._xylanophilum_group	Location	Urban	0.215893775671696	0.123713782567377	114	60	0.0864097896807057	0.384994112438788
Anaerostipes	Location	Urban	0.24546627318717	0.142531223343788	114	98	0.0904048351243719	0.391174767365071
Butyricicoccus	AgeC	AgeC	0.0701980636613619	0.0407225447463703	114	112	0.0895327650996506	0.391174767365071
Acetobacter	Location	Urban	-0.0608978113752206	0.0356165007495361	114	3	0.0901323883730537	0.391174767365071
Agathobacter	Location	Urban	-0.271085368722292	0.158235944947007	114	104	0.0921248877348354	0.394820947435009
Dialister	AgeC	AgeC	0.742429503681806	0.394767017531927	114	106	0.0959438453669147	0.403502153412258
Acetobacter	AgeC	AgeC	-0.101443120698428	0.0575786001529305	114	3	0.0953537805238173	0.403502153412258
Muribaculaceae	AgeC	AgeC	0.0508993494691136	0.0302876441889956	114	25	0.0981612941426057	0.409005392260857
Campylobacter	AgeC	AgeC	0.0700847256572393	0.0418316814459216	114	12	0.0993892232289455	0.410322481220417
Lachnoclostridium	EntColi	TRUE	-0.231578818968832	0.139894852816979	114	94	0.10074529764297	0.410720701859504
Phocea	Location	Urban	0.076106310632587	0.046056467693874	114	17	0.101311106458678	0.410720701859504
Butyricimonas	AgeC	AgeC	0.282257167674208	0.119058139477737	114	38	0.113462405336893	0.413989630794941
Desulfovibrio	Location	Urban	-0.312108073968165	0.193142076224907	114	93	0.111491750656356	0.413989630794941
Streptococcus	Location	Urban	-0.279474058996994	0.172496821254892	114	99	0.110561164991391	0.413989630794941
Clostridia_UCG.014	EntColi	TRUE	0.428924790783038	0.265898433614818	114	97	0.109631003972747	0.413989630794941
Blautia	Location	Urban	-0.159357772411953	0.0978754624840462	114	112	0.108935170422986	0.413989630794941
Lachnospiraceae_UCG.010	EntColi	TRUE	-0.266877288499343	0.165228640644437	114	65	0.109273017332782	0.413989630794941
X.Eubacterium._coprostanoligenes_group	EntColi	TRUE	0.195300437276397	0.12292684367582	114	111	0.114994726555845	0.413989630794941
UCG.009	AgeC	AgeC	0.389789453596991	0.223671645674107	114	105	0.106654259255699	0.413989630794941
NK4A214_group	EntColi	TRUE	0.225850700333148	0.142503691295664	114	109	0.115917096622583	0.413989630794941
Papillibacter	EntColi	TRUE	0.116082121833812	0.0732397842156663	114	36	0.115864573424746	0.413989630794941
UCG.005	EntColi	TRUE	0.18843913610237	0.115219732071458	114	110	0.104828686462067	0.413989630794941
X.Eubacterium._siraeum_group	EntColi	TRUE	0.351843823980154	0.219335406334523	114	98	0.111604898694664	0.413989630794941
Incertae_Sedis	AgeC	AgeC	0.0444101052576235	0.0279017075699004	114	19	0.114330318071762	0.413989630794941
Ruminococcus	AgeC	AgeC	0.373975300547104	0.182937304094482	114	110	0.103707992709414	0.413989630794941
Oxalobacter	Location	Urban	0.143040976125886	0.0870290625472885	114	48	0.105843365251064	0.413989630794941
Clostridia_vadinBB60_group	EntColi	TRUE	0.335697142829071	0.21325306907821	114	107	0.118341233122833	0.419319329962793
Lachnospiraceae_NK4B4_group	Location	Urban	0.21051461143487	0.134048001748522	114	45	0.121657286708748	0.427701398585442
Parabacteroides	EntColi	TRUE	-0.093084900296857	0.060610151988183	114	12	0.127525762620678	0.441435332148501
Candidatus_Soleaferrea	EntColi	TRUE	0.259077925317653	0.168490771128432	114	68	0.127175565258162	0.441435332148501
Comamonas	Location	Urban	-0.147922553393859	0.0978502627488114	114	17	0.135895746955677	0.466817451374464
Desulfovibrio	AgeC	AgeC	0.115224390531379	0.0768629176736195	114	93	0.138906210134107	0.469983417746977
Lachnospiraceae_UCG.003	EntColi	TRUE	-0.194118658649613	0.129909223151517	114	24	0.137992136961707	0.469983417746977
Parvimonas	EntColi	TRUE	0.0997824100107367	0.0671771578021784	114	16	0.140350913061746	0.471327693117804
Mogibacterium	Location	Urban	-0.245836167610974	0.166054686882799	114	66	0.144009350122383	0.473023412810749
Terrisporobacter	AgeC	AgeC	0.0449091274138556	0.0302274896701441	114	48	0.143090952481575	0.473023412810749
Oxalobacter	AgeC	AgeC	0.223023217602564	0.131388653117	114	48	0.142063094875501	0.473023412810749
Muribaculaceae	EntColi	TRUE	-0.134184774762679	0.0921521356354484	114	25	0.148738807497175	0.478089024098063
X.Ruminococcus._gauvreauii_group	EntColi	TRUE	-0.205932265242459	0.141454323740947	114	79	0.148310878907179	0.478089024098063
Candidatus_Soleaferrea	AgeC	AgeC	0.414111532220117	0.245726857871064	114	68	0.146755823993865	0.478089024098063
Lactococcus	EntColi	TRUE	-0.185860786947619	0.129751838663652	114	28	0.154870798751206	0.492721042625073
Lachnospiraceae_UCG.004	AgeC	AgeC	0.108220686715134	0.0753037242224985	114	40	0.155480862339467	0.492721042625073
Enterobacter	EntColi	TRUE	-0.224329572416387	0.15758664580345	114	47	0.157412364601714	0.495353594900498
Actinomyces	Location	Urban	0.0604307432916452	0.042936209523449	114	14	0.165213071547275	0.497559512655262
Actinomyces	AgeC	AgeC	-0.104195606761286	0.0645185385247052	114	14	0.159868621193046	0.497559512655262
Erysipelotrichaceae_UCG.003	Location	Urban	-0.0434660305116711	0.030835629704807	114	7	0.161477634041528	0.497559512655262
Blautia	AgeC	AgeC	0.0604360738715701	0.0431170737652905	114	112	0.165853170885087	0.497559512655262
Oxalobacter	EntColi	TRUE	0.139837019442529	0.0996168786468274	114	48	0.163235097058896	0.497559512655262
Klebsiella	Location	Urban	0.265683926660818	0.187787628387893	114	83	0.162410260523295	0.497559512655262
Treponema	Location	Urban	-0.339226196944628	0.240562307553779	114	26	0.163928923060724	0.497559512655262
UCG.007	Location	Urban	0.0740631949627074	0.0530563631805613	114	17	0.1678963054636	0.500353228202781
Fusicatenibacter	AgeC	AgeC	0.0737099063516667	0.053674467289636	114	102	0.174291013253887	0.515993131343744
Tuzzerella	AgeC	AgeC	-0.0331881829277155	0.0242488563563424	114	19	0.175663062837252	0.516656067168387
Intestinibacter	EntColi	TRUE	-0.227290570441465	0.16779801573751	114	99	0.178585999413231	0.521842206077624
Sellimonas	AgeC	AgeC	-0.00758693241361723	0.0056564514490196	114	2	0.182589642704871	0.53009896269156
Tuzzerella	EntColi	TRUE	0.0826763736367706	0.0620031364333199	114	19	0.185160732919967	0.534117498807597
Elusimicrobium	AgeC	AgeC	0.115592801978016	0.0865638433003894	114	28	0.186580723939511	0.534785514476305
Olsenella	AgeC	AgeC	-0.169408890897605	0.1193310108003	114	20	0.188749858954594	0.537578712212452
Olsenella	EntColi	TRUE	-0.114845745390683	0.0871910207801687	114	20	0.190542947625172	0.539272493278789
Acidaminococcus	Location	Urban	0.0812647206301708	0.0621970135577505	114	7	0.196358030373812	0.552256960426348
Mitsuokella	EntColi	TRUE	-0.246549868159473	0.193103317345799	114	61	0.204637760392975	0.571968895508315
Escherichia.Shigella	EntColi	TRUE	-0.192433823255441	0.152053502116183	114	112	0.208469322200501	0.579081450556947
Prevotellaceae_UCG.003	AgeC	AgeC	0.0442310916017794	0.0351617203504391	114	19	0.213540617269679	0.579347155790745
Fusicatenibacter	Location	Urban	0.142895643662598	0.113676743698405	114	102	0.213714728580586	0.579347155790745
GCA.900066575	EntColi	TRUE	-0.129039727911393	0.102336135046266	114	75	0.210040773764224	0.579347155790745
Fenollaria	Location	Urban	0.100927005062216	0.0805732158381667	114	27	0.21300328317706	0.579347155790745
Erysipelotrichaceae_UCG.006	Location	Urban	-0.0501426389145259	0.0410084832452085	114	12	0.226314164295461	0.598957875485663
Holdemanella	Location	Urban	-0.0999257238358444	0.0819670266497101	114	48	0.227603992684552	0.598957875485663
CAG.56	Location	Urban	0.138714526184089	0.112852293598662	114	25	0.224012515874892	0.598957875485663
TM7x	EntColi	TRUE	-0.0625690524071194	0.0513163193984165	114	11	0.225345345620032	0.598957875485663
Klebsiella	EntColi	TRUE	-0.241118666262955	0.196840727201608	114	83	0.223336016136791	0.598957875485663
Prevotellaceae_UCG.003	Location	Urban	0.163909927844428	0.135849749709493	114	19	0.232452798771704	0.604529737150066
Turicibacter	EntColi	TRUE	-0.231203985810842	0.194203174649895	114	83	0.23643829719647	0.604529737150066
Lachnospira	EntColi	TRUE	-0.192673635058045	0.161838797938836	114	90	0.236420705921903	0.604529737150066
Sellimonas	Location	Urban	0.0135240257807163	0.0113587743443868	114	2	0.236364384525069	0.604529737150066
Peptoniphilus	Location	Urban	0.078675241786148	0.0658230242302524	114	13	0.234558276121108	0.604529737150066
Acinetobacter	Location	Urban	-0.0962880062606672	0.0819141258161999	114	11	0.242342733508329	0.616125593665244
X.Eubacterium._hallii_group	Location	Urban	-0.0911229932631078	0.0778455588000603	114	110	0.244304884605596	0.617624708272573
Alistipes	EntColi	TRUE	0.252400640626848	0.217169798748986	114	101	0.247775468894406	0.622899223477557
Anaeroplasma	EntColi	TRUE	0.18105316812067	0.156698516210344	114	39	0.250438048989054	0.626095122472636
Sneathia	Location	Urban	0.0721146713216468	0.0628334845391244	114	12	0.255710322544564	0.635743895829028
Muribaculaceae	Location	Urban	0.113322663423318	0.101873475646617	114	25	0.270485487338217	0.662262048458977
Rikenellaceae_RC9_gut_group	EntColi	TRUE	0.361407223644663	0.328166566544155	114	82	0.273706402077998	0.662262048458977
Lactobacillus	EntColi	TRUE	-0.135159531257142	0.123346960588644	114	24	0.275723034787489	0.662262048458977
Vagococcus	EntColi	TRUE	-0.0740403076804725	0.0677257951086508	114	9	0.27667836691175	0.662262048458977
Lachnospiraceae_NK4B4_group	EntColi	TRUE	0.157314829989306	0.142585199326024	114	45	0.272390039813459	0.662262048458977
Papillibacter	Location	Urban	-0.0726490859041691	0.0652381259636751	114	36	0.270184242843136	0.662262048458977
TM7x	Location	Urban	0.0456181898047969	0.0415853998681919	114	11	0.275047519906612	0.662262048458977
Solobacterium	AgeC	AgeC	-0.0431397324510112	0.0405283687192121	114	64	0.291348387289469	0.671420563789139
Lactobacillus	Location	Urban	-0.127477724284664	0.119316171321339	114	24	0.290003190523755	0.671420563789139
X.Eubacterium._hallii_group	AgeC	AgeC	0.0415546936821018	0.038765593058193	114	110	0.286089652343494	0.671420563789139
X.Eubacterium._ruminantium_group	Location	Urban	0.20054471987217	0.187000579578405	114	81	0.287948892033369	0.671420563789139
X.Ruminococcus._torques_group	AgeC	AgeC	0.0522691762646378	0.0487456591104827	114	100	0.287565644122155	0.671420563789139
Lachnoclostridium	Location	Urban	0.120536707133761	0.115252534677641	114	94	0.299901185159149	0.671420563789139
Tyzzerella	AgeC	AgeC	-0.220814966174873	0.197988453927105	114	31	0.292417268841351	0.671420563789139
UCG.009	Location	Urban	0.149463645478297	0.140864343333994	114	105	0.29307176699776	0.671420563789139
Faecalibacterium	AgeC	AgeC	-0.0488812291559113	0.0459119503921646	114	30	0.291528361195291	0.671420563789139
Intestinibacter	AgeC	AgeC	0.0602705181768372	0.0573435320409563	114	99	0.297403891686809	0.671420563789139
Fenollaria	EntColi	TRUE	0.103777518693983	0.0994272268380791	114	27	0.29888782937112	0.671420563789139
Succinivibrio	EntColi	TRUE	0.161214622546102	0.153532421859589	114	52	0.296021570306984	0.671420563789139
Enterobacter	AgeC	AgeC	0.0667794344307237	0.0635941804332253	114	47	0.295979586285905	0.671420563789139
Eggerthella	EntColi	TRUE	-0.0869665716759558	0.0837428026853778	114	17	0.30141488686359	0.671468807369383
Veillonella	EntColi	TRUE	-0.136798140203122	0.132343988038036	114	31	0.303584199170056	0.672969899638054
Comamonas	AgeC	AgeC	-0.0464312330986958	0.0451757267843613	114	17	0.307760464937633	0.678883378538896
Phocea	EntColi	TRUE	-0.0574455672792674	0.0565864369695325	114	17	0.312265625911315	0.685127411611152
Victivallis	Location	Urban	-0.0809317211311122	0.0796327684363392	114	33	0.313636103981994	0.685127411611152
Acetobacter	EntColi	TRUE	-0.0436540551589287	0.0437751977728039	114	3	0.320858334635194	0.697518118772161
Victivallis	AgeC	AgeC	0.149061108617055	0.106750921972791	114	33	0.324503590915959	0.702051038039335
Actinomyces	EntColi	TRUE	-0.0370366518637663	0.0403502196538795	114	14	0.361051778154091	0.709537965243465
Atopobium	EntColi	TRUE	-0.0871452452268874	0.0901516290981591	114	26	0.335852675217381	0.709537965243465
Butyricimonas	Location	Urban	0.076382525409124	0.084668615856672	114	38	0.368959741926602	0.709537965243465
Helicobacter	Location	Urban	0.0154693296637974	0.0167926959408418	114	2	0.360612248521019	0.709537965243465
Elusimicrobium	Location	Urban	-0.211913377571114	0.221769205726302	114	28	0.343185042578726	0.709537965243465
Erysipelotrichaceae_UCG.006	AgeC	AgeC	0.0184942368774809	0.0197296651855462	114	12	0.351930714960801	0.709537965243465
Clostridia_vadinBB60_group	AgeC	AgeC	0.356723203349086	0.242810797975184	114	107	0.337505845790039	0.709537965243465
X.Eubacterium._eligens_group	EntColi	TRUE	-0.138462219899265	0.152108832987653	114	85	0.364663168593853	0.709537965243465
Butyrivibrio	EntColi	TRUE	0.208241770569099	0.222636482191319	114	58	0.351765194409777	0.709537965243465
Dorea	AgeC	AgeC	-0.106684563390026	0.112900396893787	114	111	0.359887502240268	0.709537965243465
Hungatella	Location	Urban	0.0640330426954698	0.0673928339439749	114	10	0.344120921887985	0.709537965243465
Lachnospira	AgeC	AgeC	0.303608235831171	0.174428067661784	114	90	0.346796827931847	0.709537965243465
Lachnospiraceae_UCG.004	EntColi	TRUE	-0.182822800207902	0.196603407884196	114	40	0.354456547176287	0.709537965243465
Roseburia	Location	Urban	0.128529574014586	0.139196797283066	114	109	0.359592622708565	0.709537965243465
Oscillibacter	Location	Urban	0.0989390205608721	0.109008509925052	114	104	0.368013968093957	0.709537965243465
UCG.003	Location	Urban	0.102695516150059	0.108075658001544	114	104	0.34589479634011	0.709537965243465
Anaerotruncus	AgeC	AgeC	-0.0316668282048235	0.0345785469184717	114	32	0.363426935849572	0.709537965243465
Family_XIII_UCG.001	Location	Urban	-0.114066272762653	0.117367846182522	114	102	0.335038257683977	0.709537965243465
Clostridioides	Location	Urban	0.0397841384308683	0.0432325525922821	114	2	0.359463337317948	0.709537965243465
Intestinibacter	Location	Urban	0.158099650362713	0.169242605366887	114	99	0.35400959910928	0.709537965243465
Finegoldia	Location	Urban	0.0671979547103942	0.073711490701611	114	8	0.363954626981658	0.709537965243465
Anaerovibrio	EntColi	TRUE	-0.142846903988048	0.153470392060694	114	31	0.354170379227625	0.709537965243465
Phyllobacterium	AgeC	AgeC	0.0573221339150474	0.0341100539382108	114	6	0.363140077077251	0.709537965243465
Succinivibrio	Location	Urban	0.117870696859236	0.126894587067868	114	52	0.356685579737589	0.709537965243465
Morganella	Location	Urban	0.0431022779168108	0.0470817181979704	114	2	0.361943460806429	0.709537965243465
Haemophilus	EntColi	TRUE	-0.123232068831079	0.136078262796094	114	34	0.36715057710936	0.709537965243465
Clostridium_sensu_stricto_1	EntColi	TRUE	-0.144782295642221	0.161845269873303	114	112	0.372969231077824	0.714196399936258
Lachnospiraceae_UCG.003	AgeC	AgeC	0.208450249357479	0.145141760337669	114	24	0.374885750844811	0.714459200729581
UCG.002	EntColi	TRUE	0.146712511186889	0.165148540073864	114	111	0.376281845717579	0.714459200729581
Oribacterium	Location	Urban	-0.170706285908072	0.193054944088215	114	43	0.380240243122827	0.717474784739917
UCG.002	AgeC	AgeC	-0.0586135753258613	0.0666457871616883	114	111	0.381058830117423	0.717474784739917
UCG.005	AgeC	AgeC	0.137776884174927	0.132133500117834	114	110	0.38276164346999	0.717678081506232
X.Ruminococcus._gnavus_group	AgeC	AgeC	-0.0683931327183144	0.0787965945405612	114	46	0.387300049341657	0.720023206023272
Coprococcus	EntColi	TRUE	-0.103305267158434	0.119804686611119	114	111	0.390412582821507	0.720023206023272
Butyricicoccus	EntColi	TRUE	-0.0961161684259794	0.111070044541467	114	112	0.388737228943342	0.720023206023272
Veillonella	Location	Urban	0.0985571481509578	0.113769757221857	114	31	0.389981334182737	0.720023206023272
Collinsella	Location	Urban	-0.0960707633336724	0.112822135668413	114	64	0.398324083452178	0.728641616071057
X.Eubacterium._ventriosum_group	Location	Urban	0.134495770134129	0.157869102836577	114	93	0.397779214951619	0.728641616071057
Acinetobacter	EntColi	TRUE	0.0851431030003764	0.10108190772885	114	11	0.40143768599913	0.731364205261573
Bacillus	Location	Urban	-0.042711128683955	0.0513384432573145	114	10	0.408681015241936	0.735625827435485
Marvinbryantia	Location	Urban	0.056995941493604	0.0682935699131723	114	27	0.405767238790796	0.735625827435485
NK4A214_group	AgeC	AgeC	-0.042907539811034	0.0514570062346718	114	109	0.40751096748944	0.735625827435485
Libanicoccus	AgeC	AgeC	-0.0968184941818397	0.115776256495469	114	19	0.417182235026024	0.736063882073739
Olsenella	Location	Urban	-0.0627047111407707	0.0765306975427617	114	20	0.415922101319501	0.736063882073739
Slackia	Location	Urban	0.0480321975412077	0.0600069971794827	114	15	0.428218545311433	0.736063882073739
Solobacterium	EntColi	TRUE	0.0925797311156953	0.115989152369218	114	64	0.426582934350218	0.736063882073739
Turicibacter	AgeC	AgeC	0.0579142585398903	0.0706405098311094	114	83	0.415471788804423	0.736063882073739
Christensenellaceae_R.7_group	Location	Urban	-0.114007785540818	0.140781792138278	114	108	0.42130787779906	0.736063882073739
Faecalibacterium	Location	Urban	0.0863146837832406	0.107627433515979	114	30	0.426265350183884	0.736063882073739
Family_XIII_UCG.001	EntColi	TRUE	0.11391335121386	0.143346385376755	114	102	0.428552749118488	0.736063882073739
Mitsuokella	Location	Urban	-0.162060240857354	0.196828125694188	114	61	0.413602924302604	0.736063882073739
Sneathia	EntColi	TRUE	0.0614687009501522	0.0758288558130836	114	12	0.419344560954449	0.736063882073739
Phyllobacterium	EntColi	TRUE	-0.0274508878476817	0.033595231038981	114	6	0.415645630359907	0.736063882073739
Comamonas	EntColi	TRUE	-0.0936276516599192	0.116418786429569	114	17	0.423002507301129	0.736063882073739
Lachnospiraceae_NK4A136_group	EntColi	TRUE	-0.12027473561316	0.15246394419467	114	101	0.431891817431174	0.738978394844214
Campylobacter	Location	Urban	-0.0785807203451945	0.099610169550145	114	12	0.433806464981134	0.739442838036023
Atopobium	Location	Urban	-0.0570874448026172	0.0732094040725045	114	26	0.437193921901284	0.739613777652548
Clostridium_sensu_stricto_1	AgeC	AgeC	0.048422629894323	0.0617635167327781	114	112	0.435886428214761	0.739613777652548
Eubacterium	AgeC	AgeC	-0.0327733272128429	0.0390359914443486	114	5	0.44447051182848	0.747252005934916
Lachnospiraceae_NK3A20_group	AgeC	AgeC	0.0207797939334619	0.0270260694166158	114	25	0.445030083534572	0.747252005934916
Asteroleplasma	AgeC	AgeC	0.169513218607762	0.0936380509586735	114	16	0.448476404509231	0.747741349324182
Erysipelotrichaceae_UCG.003	AgeC	AgeC	0.0116762997401876	0.0153555514426777	114	7	0.448644809594509	0.747741349324182
Bifidobacterium	EntColi	TRUE	-0.128371533793116	0.173027106345115	114	113	0.459905170164483	0.752572096632791
Lachnospiraceae_ND3007_group	EntColi	TRUE	-0.0855607725615383	0.11512816910676	114	100	0.458975714536104	0.752572096632791
Monoglobus	Location	Urban	0.0982853438563161	0.131362011803899	114	106	0.457350728590642	0.752572096632791
Incertae_Sedis	EntColi	TRUE	-0.0518822052726156	0.069140548367415	114	19	0.454623440335563	0.752572096632791
Acinetobacter	AgeC	AgeC	-0.0305219380644281	0.0407916612849334	114	11	0.455912423018834	0.752572096632791
Prevotellaceae_UCG.003	EntColi	TRUE	-0.0795648552707745	0.110606972896101	114	19	0.473925330505468	0.754525137377826
Alistipes	Location	Urban	0.152943335098773	0.207727832001735	114	101	0.464523929420618	0.754525137377826
Parabacteroides	Location	Urban	0.0359184865145815	0.049757079871048	114	12	0.474512475284277	0.754525137377826
Holdemanella	EntColi	TRUE	-0.0712557623857924	0.0979558622678216	114	48	0.468525241205278	0.754525137377826
Moryella	Location	Urban	0.0544968337988943	0.0753328428918487	114	93	0.472281866088999	0.754525137377826
UCG.008	AgeC	AgeC	0.0159970643849408	0.0216833133633374	114	14	0.463324478752984	0.754525137377826
Intestinimonas	Location	Urban	0.0667460774598203	0.0920546870013746	114	25	0.471879893191021	0.754525137377826
Fusobacterium	EntColi	TRUE	-0.0512488146055847	0.0713844151125929	114	14	0.47435848650163	0.754525137377826
Christensenellaceae_R.7_group	AgeC	AgeC	0.179975408141056	0.182800959440358	114	108	0.480996225598357	0.76214190675796
UCG.009	EntColi	TRUE	0.121432747773897	0.172726924448177	114	105	0.483561599608665	0.763518315171577
Peptococcus	Location	Urban	-0.0946962804056335	0.1360152752592	114	94	0.488983989947107	0.76938040376293
Clostridium_sensu_stricto_1	Location	Urban	0.0951201544262892	0.138449850733475	114	112	0.494768741595583	0.772691248056069
Anaerofustis	Location	Urban	0.0354594510463639	0.0513846119816015	114	15	0.49281460315518	0.772691248056069
Monoglobus	EntColi	TRUE	0.10645476437849	0.156554214171819	114	106	0.497956582080578	0.772691248056069
Escherichia.Shigella	Location	Urban	0.099586213147108	0.145653127760465	114	112	0.496862726050389	0.772691248056069
Bifidobacterium	Location	Urban	-0.120387231356856	0.177527804281242	114	113	0.500454026891561	0.773897979729219
Solobacterium	Location	Urban	-0.0746371067084459	0.11216408643402	114	64	0.508400390241	0.783493752083733
Finegoldia	EntColi	TRUE	-0.0594044693928772	0.0908215014557546	114	8	0.514434304694633	0.790086816083908
Libanicoccus	Location	Urban	0.0471161298171914	0.0725675172511181	114	19	0.517521409271283	0.791544590781969
Slackia	EntColi	TRUE	-0.0448939456571578	0.0729540934001512	114	15	0.539607496786119	0.791544590781969
Bacillus	EntColi	TRUE	-0.0353482858439505	0.0573411840624674	114	10	0.538876541070697	0.791544590781969
Turicibacter	Location	Urban	0.109295732559194	0.176305795044803	114	83	0.537767707392377	0.791544590781969
Lachnospiraceae_ND3007_group	AgeC	AgeC	0.158578870503473	0.110270721117445	114	100	0.536219086809384	0.791544590781969
Lachnospiraceae_UCG.001	Location	Urban	0.0860704527380526	0.139607578219214	114	57	0.539911311380512	0.791544590781969
Lachnospiraceae_UCG.001	EntColi	TRUE	-0.0964977639926428	0.150665753252822	114	57	0.523226620986541	0.791544590781969
Sellimonas	EntColi	TRUE	-0.00890741811677848	0.0140167104116865	114	2	0.526431553371643	0.791544590781969
Colidextribacter	EntColi	TRUE	-0.0573270055351163	0.0937710315058613	114	108	0.542236216091468	0.791544590781969
UCG.005	Location	Urban	-0.0592422693372005	0.0936464363537119	114	110	0.528299416383082	0.791544590781969
Faecalibacterium	EntColi	TRUE	-0.0779181572676254	0.122832872583869	114	30	0.527177133217772	0.791544590781969
Ruminococcus	EntColi	TRUE	-0.0934995733313771	0.152430459986457	114	110	0.540893342872855	0.791544590781969
Romboutsia	AgeC	AgeC	-0.132972508770456	0.169194659926999	114	95	0.526192831549542	0.791544590781969
Acidaminococcus	EntColi	TRUE	-0.0256137689058574	0.0418462016140365	114	7	0.542360176033639	0.791544590781969
Megasphaera	AgeC	AgeC	-0.257459624355039	0.383562209250758	114	73	0.540981938884101	0.791544590781969
Paracoccus	EntColi	TRUE	-0.0701074353474371	0.115043546010126	114	30	0.543527285670285	0.791544590781969
Lachnospiraceae_NK3A20_group	Location	Urban	-0.0619956282102103	0.102325175300118	114	25	0.546871983380028	0.793302903229659
Incertae_Sedis	Location	Urban	0.0337427572465228	0.0560296862734544	114	19	0.54826045089872	0.793302903229659
Clostridioides	EntColi	TRUE	-0.031330095958143	0.0532700259602015	114	2	0.55765310390433	0.804307361400476
Campylobacter	EntColi	TRUE	-0.0657193389788365	0.112702940167862	114	12	0.561011765895422	0.806566436590862
RF39	Location	Urban	-0.0961892440585794	0.167721133789492	114	83	0.568578261616266	0.811075355753
Moryella	EntColi	TRUE	-0.0500939150391459	0.0879475860397051	114	93	0.570118421492679	0.811075355753
Tuzzerella	Location	Urban	0.0297411117273917	0.051708998070601	114	19	0.56731893772217	0.811075355753
Succinatimonas	EntColi	TRUE	0.00884553008334786	0.0155733855847124	114	3	0.571357528386002	0.811075355753
Succinatimonas	AgeC	AgeC	0.00292782807182443	0.0051912918058855	114	3	0.574819013845818	0.813423132800686
Terrisporobacter	Location	Urban	0.0676770934575365	0.120700601762422	114	48	0.577213489987364	0.813576412293753
Morganella	EntColi	TRUE	-0.0323177863570892	0.0580023589809029	114	2	0.578543226520002	0.813576412293753
Lachnospiraceae_UCG.010	AgeC	AgeC	-0.0315053600587474	0.0580063263044871	114	65	0.589031911555533	0.825745670404953
Terrisporobacter	EntColi	TRUE	-0.051621127914457	0.0957390186040443	114	48	0.591246650881245	0.826276375455156
Flavonifractor	AgeC	AgeC	-0.0351624686151006	0.0658985903242564	114	53	0.595543080362032	0.829703981928528
Rothia	EntColi	TRUE	-0.018805628940536	0.0374222595421912	114	8	0.616313642358607	0.832856273457577
Catenibacterium	Location	Urban	-0.0353756641531333	0.0680727538044914	114	21	0.605260189291622	0.832856273457577
X.Eubacterium._eligens_group	AgeC	AgeC	0.0312720588191363	0.0613836059596641	114	85	0.611455299854269	0.832856273457577
X.Ruminococcus._gnavus_group	EntColi	TRUE	-0.0984895629863912	0.195258291714598	114	46	0.61498460769099	0.832856273457577
CAG.56	EntColi	TRUE	-0.0584925776656333	0.111759001252224	114	25	0.601863695286829	0.832856273457577
Lachnospiraceae_NK4B4_group	AgeC	AgeC	0.132662328092963	0.161103417365501	114	45	0.610426296351843	0.832856273457577
Oribacterium	AgeC	AgeC	0.0215687694868279	0.0406931400041814	114	43	0.60524400503283	0.832856273457577
Oscillospira	AgeC	AgeC	0.0500683925863787	0.060250504427013	114	18	0.605970801837717	0.832856273457577
Peptoniphilus	EntColi	TRUE	0.0410354701281359	0.081225512637533	114	13	0.614426154393363	0.832856273457577
Morganella	AgeC	AgeC	-0.0623031964937629	0.0522608783697682	114	2	0.608793116890806	0.832856273457577
Parasutterella	EntColi	TRUE	-0.0460320747760181	0.0932392902953411	114	17	0.622504409278951	0.838703545435713
Sutterella	AgeC	AgeC	0.197100193641973	0.0872393864389756	114	113	0.625566800251261	0.840313612277814
Fusobacterium	Location	Urban	-0.0318562567116055	0.0654507102792626	114	14	0.62821384827289	0.841357832508335
Gemella	Location	Urban	-0.0330816985914106	0.0705964463976277	114	21	0.641254645820526	0.852914371800027
X.Eubacterium._xylanophilum_group	EntColi	TRUE	0.0692032733012487	0.148763780644884	114	60	0.642731559126081	0.852914371800027
Howardella	EntColi	TRUE	0.0412282702481294	0.0890786901127043	114	30	0.644424192026687	0.852914371800027
Paracoccus	AgeC	AgeC	-0.0732807443367422	0.156200242121164	114	30	0.641937159816015	0.852914371800027
X.Ruminococcus._gnavus_group	Location	Urban	-0.0720210163318882	0.1582321963795	114	46	0.64989101000614	0.855119750008079
Clostridioides	AgeC	AgeC	-0.0584306070153454	0.0458533869685822	114	2	0.64875369273725	0.855119750008079
Libanicoccus	EntColi	TRUE	-0.0383265590792919	0.0892009234571983	114	19	0.66828632205193	0.859862299800538
Agathobacter	AgeC	AgeC	0.0254117998477954	0.0588919701807983	114	104	0.668781788733751	0.859862299800538
Lachnospiraceae_UCG.004	Location	Urban	-0.0726461410832783	0.167513482612149	114	40	0.666123720358602	0.859862299800538
Roseburia	AgeC	AgeC	0.224093029261273	0.141950168610838	114	109	0.660017189688007	0.859862299800538
Oscillibacter	EntColi	TRUE	0.056388426188956	0.128408191875117	114	104	0.661426517799755	0.859862299800538
CAG.352	Location	Urban	-0.0788586873467851	0.177718779422307	114	40	0.65811130193277	0.859862299800538
Finegoldia	AgeC	AgeC	-0.0839643476208509	0.0790533152095746	114	8	0.668641166776835	0.859862299800538
vadinBE97	AgeC	AgeC	0.242685771130447	0.263692691970876	114	78	0.663109030037017	0.859862299800538
Asteroleplasma	EntColi	TRUE	-0.0375109569468863	0.0900783283877441	114	16	0.67791898989433	0.866657799580819
Succinatimonas	Location	Urban	0.00692925260482324	0.0166020234308572	114	3	0.677871191629578	0.866657799580819
Bacillus	AgeC	AgeC	0.00868803406594053	0.0210714705137238	114	10	0.681454848327395	0.868710146592996
CAG.352	EntColi	TRUE	-0.0894118593976036	0.219304705381137	114	40	0.684281892090597	0.86984986282703
UCG.008	EntColi	TRUE	0.0233997681789242	0.0578657756339112	114	14	0.68671937291265	0.870489345945613
Senegalimassilia	Location	Urban	-0.0384189669060475	0.102134108729355	114	47	0.708267019682429	0.877684074945115
Gemella	AgeC	AgeC	0.0524981077656959	0.0825617213343657	114	21	0.697342773208976	0.877684074945115
X.Eubacterium._ruminantium_group	EntColi	TRUE	0.0694325244778651	0.186157289729895	114	81	0.709948896177827	0.877684074945115
Howardella	AgeC	AgeC	0.0121387582199296	0.0318980248381343	114	30	0.704838554354614	0.877684074945115
X.Eubacterium._coprostanoligenes_group	Location	Urban	0.0390522791541824	0.103238839216481	114	111	0.706604782933406	0.877684074945115
Flavonifractor	Location	Urban	0.0611073932304927	0.159167532902902	114	53	0.702469624563398	0.877684074945115
UCG.007	AgeC	AgeC	0.0349702320715655	0.0655378724647759	114	17	0.703120540028985	0.877684074945115
Family_XIII_UCG.001	AgeC	AgeC	0.10177830895455	0.130238496587576	114	102	0.69516651280412	0.877684074945115
Mogibacterium	AgeC	AgeC	-0.0216849300607775	0.0557763360564274	114	66	0.698789433374797	0.877684074945115
Butyricimonas	EntColi	TRUE	-0.0374644932827775	0.104176089853655	114	38	0.719820930956989	0.88292387180994
Intestinimonas	AgeC	AgeC	-0.00944330135008524	0.0265866237133447	114	25	0.723997574884151	0.88292387180994
NK4A214_group	Location	Urban	-0.0469370068783895	0.130730055554529	114	109	0.720842161890433	0.88292387180994
Allisonella	AgeC	AgeC	0.0162189040263641	0.0454797299582186	114	79	0.722699360460012	0.88292387180994
Megasphaera	Location	Urban	-0.0938565004889741	0.263859518656538	114	73	0.72334095535618	0.88292387180994
Lachnospiraceae_UCG.003	Location	Urban	-0.0379188025377953	0.113390179770228	114	24	0.739263966149218	0.896311129692916
Papillibacter	AgeC	AgeC	-0.00907281937345299	0.027018957395505	114	36	0.738175337287664	0.896311129692916
Phyllobacterium	Location	Urban	0.00904313931691414	0.0272852039409103	114	6	0.740950533879477	0.896311129692916
Megasphaera	EntColi	TRUE	-0.0837080703404816	0.257467940340681	114	73	0.745774339367646	0.899727755269278
Oribacterium	EntColi	TRUE	-0.042676143880077	0.132799363405291	114	43	0.748859790614012	0.901034507423277
UCG.002	Location	Urban	-0.0425224932668866	0.13383204367552	114	111	0.751291893810531	0.901550272572638
Hydrogenoanaerobacterium	AgeC	AgeC	0.007435862481149	0.0249627611011483	114	19	0.766739990861493	0.915206885643692
vadinBE97	Location	Urban	-0.0714533151795763	0.238946028980075	114	78	0.765975187724119	0.915206885643692
Erysipelotrichaceae_UCG.006	EntColi	TRUE	0.0144889252847763	0.0497902972895551	114	12	0.77160560923525	0.915321389896034
Lachnospiraceae_NK3A20_group	EntColi	TRUE	0.0244987707746911	0.0846417935853958	114	25	0.772938062578873	0.915321389896034
Colidextribacter	Location	Urban	-0.0220486886348837	0.0760768218921937	114	108	0.772498508092701	0.915321389896034
X.Eubacterium._ruminantium_group	AgeC	AgeC	0.234372690373906	0.171149081560836	114	81	0.778924804609784	0.917581576111003
X.Ruminococcus._gauvreauii_group	Location	Urban	-0.0342828229933392	0.120450263776937	114	79	0.776966814131472	0.917581576111003
Anaerostipes	AgeC	AgeC	0.020486568343293	0.0684563154751466	114	98	0.78229276770798	0.91914293856029
X.Bacteroides._pectinophilus_group	EntColi	TRUE	0.0123440948412491	0.0460526085296971	114	11	0.789172801619575	0.923408577184184
GCA.900066575	Location	Urban	0.0245761098397105	0.0918652226489685	114	75	0.790027338257579	0.923408577184184
Eggerthella	AgeC	AgeC	0.00757594089143823	0.029440157770545	114	17	0.79776083799519	0.927628881389756
X.Ruminococcus._gauvreauii_group	AgeC	AgeC	0.0995717155833706	0.114746568812339	114	79	0.797237531430165	0.927628881389756
Erysipelotrichaceae_UCG.003	EntColi	TRUE	-0.00950492516491625	0.0380511205546463	114	7	0.803212884336149	0.931561334925946
Atopobium	AgeC	AgeC	-0.0271143217281652	0.0892506273106762	114	26	0.824991467350072	0.932362474855805
Collinsella	EntColi	TRUE	-0.0307731365812057	0.133081307439933	114	64	0.817561879320609	0.932362474855805
Anaeroplasma	Location	Urban	0.0287030062195038	0.130032597730527	114	39	0.826074861958962	0.932362474855805
Asteroleplasma	Location	Urban	-0.0182266754408694	0.080139307936209	114	16	0.820855683726519	0.932362474855805
Catenibacterium	AgeC	AgeC	0.0255836595652594	0.090343753867067	114	21	0.811805757789009	0.932362474855805
Clostridia_UCG.014	Location	Urban	-0.0471907756523208	0.221534480490169	114	97	0.832063401400426	0.932362474855805
Eubacterium	Location	Urban	0.00625188809995688	0.0264613435428472	114	5	0.813667587161325	0.932362474855805
X.Eubacterium._ventriosum_group	EntColi	TRUE	0.0384078070695622	0.172918385087045	114	93	0.824644948087614	0.932362474855805
Anaerostipes	EntColi	TRUE	0.0396387666181482	0.172690996099987	114	98	0.818882827059079	0.932362474855805
Lachnospiraceae_NK4A136_group	Location	Urban	-0.0314956520249258	0.135393036011314	114	101	0.81688249712326	0.932362474855805
Lachnospiraceae_UCG.010	Location	Urban	0.0348252077671696	0.158474036078616	114	65	0.826835988496042	0.932362474855805
Tyzzerella	EntColi	TRUE	0.0333708570170032	0.156163950262054	114	31	0.831186640206908	0.932362474855805
Butyricicoccus	Location	Urban	0.0211348788515431	0.099745589451913	114	112	0.832910477537853	0.932362474855805
Allisonella	Location	Urban	0.0318706103150486	0.148250096422192	114	79	0.830555902184611	0.932362474855805
Monoglobus	AgeC	AgeC	0.202238586454245	0.106779761403301	114	106	0.840132782907246	0.93348086989694
Peptococcus	EntColi	TRUE	-0.0288989017834078	0.141420119433098	114	94	0.838477298975523	0.93348086989694
Haemophilus	AgeC	AgeC	0.0373201418442472	0.176595097502941	114	34	0.83832923949066	0.93348086989694
Rothia	AgeC	AgeC	0.00284392939610754	0.0148703975088538	114	8	0.848900820631455	0.940899924345209
Romboutsia	EntColi	TRUE	-0.0284314432620325	0.151217884483064	114	95	0.851216198196905	0.941148130684538
Anaerotruncus	EntColi	TRUE	0.0170453544462225	0.0957227183320782	114	32	0.859001922560846	0.947428591059757
Fusobacterium	AgeC	AgeC	-0.0186763059692761	0.0806866526121637	114	14	0.861896884128859	0.948297305276251
Marvinbryantia	EntColi	TRUE	-0.0143980871306434	0.0842741622846179	114	27	0.864657011447417	0.949013793052043
Senegalimassilia	EntColi	TRUE	-0.0144533774242094	0.10032578822306	114	47	0.885744585302263	0.950324192376738
Helicobacter	AgeC	AgeC	-0.00109089042626777	0.00826134815182012	114	2	0.899640235449978	0.950324192376738
Desulfovibrio	EntColi	TRUE	0.027747860585889	0.211905425172779	114	93	0.896062018914847	0.950324192376738
Clostridia_vadinBB60_group	Location	Urban	0.0265898291242819	0.18542767827299	114	107	0.886467389394019	0.950324192376738
Anaerofustis	EntColi	TRUE	0.00643643247236983	0.0508752236765736	114	15	0.899576636960521	0.950324192376738
X.Ruminococcus._torques_group	Location	Urban	0.0166429300701678	0.121807111323139	114	100	0.89177224647908	0.950324192376738
CAG.56	AgeC	AgeC	0.00593846829656382	0.0381709312527214	114	25	0.876899122600774	0.950324192376738
Coprococcus	Location	Urban	0.015335214766466	0.105120294825392	114	111	0.884500667040887	0.950324192376738
Lachnoclostridium	AgeC	AgeC	0.128163459615927	0.0904405544346125	114	94	0.87244446996978	0.950324192376738
Colidextribacter	AgeC	AgeC	0.0311473471704014	0.0732956027526757	114	108	0.868031528312133	0.950324192376738
Subdoligranulum	Location	Urban	-0.0187147994480872	0.128237897262957	114	42	0.884473299667485	0.950324192376738
UCG.010	AgeC	AgeC	0.092396401910824	0.131263317826437	114	107	0.885674724352813	0.950324192376738
Romboutsia	Location	Urban	-0.0190128528672192	0.125367823491602	114	95	0.879996098363204	0.950324192376738
Parasutterella	Location	Urban	-0.0101578056628632	0.0791250192956934	114	17	0.898273289782461	0.950324192376738
Sutterella	Location	Urban	0.0119298323448721	0.0865302962155423	114	113	0.890818730084544	0.950324192376738
Akkermansia	Location	Urban	0.017837339424159	0.125567724617831	114	25	0.887561617851263	0.950324192376738
Rikenellaceae_RC9_gut_group	AgeC	AgeC	-0.0128346866692357	0.106826948077621	114	82	0.904785098667794	0.950459969080483
Elusimicrobium	EntColi	TRUE	-0.0294579292561158	0.240540969783879	114	28	0.902758622801425	0.950459969080483
GCA.900066575	AgeC	AgeC	0.118839274100038	0.0647890876260023	114	75	0.906105170523394	0.950459969080483
Mogibacterium	EntColi	TRUE	0.0175909492639357	0.1636769009415	114	66	0.91462740726677	0.957168216907085
Ruminococcus	Location	Urban	0.0122737874372749	0.123929488464003	114	110	0.921288448194721	0.961902092082655
Family_XIII_AD3011_group	Location	Urban	-0.00868690985668234	0.094951310521332	114	105	0.927433335957504	0.9660763916224
Acidaminococcus	AgeC	AgeC	0.00350935437351806	0.013160105308546	114	7	0.929812075371546	0.966317399346872
Lachnospiraceae_FCS020_group	Location	Urban	-0.00940757231584846	0.112863748983352	114	62	0.933859240397066	0.968287230826451
Catenibacterium	EntColi	TRUE	0.00644434994583851	0.081049444434057	114	21	0.936772067337835	0.96907455241845
Holdemanella	AgeC	AgeC	0.132786329349225	0.0494859328134846	114	48	0.941974284154183	0.972221164838033
Eggerthella	Location	Urban	0.00507086201339873	0.0801292877759405	114	17	0.949749805767085	0.978003232483269
Parabacteroides	AgeC	AgeC	-0.00139674497850434	0.0241028106326193	114	12	0.954025262758827	0.979138978796137
Oscillibacter	AgeC	AgeC	0.00278343568357261	0.0493520377557666	114	104	0.955204470425565	0.979138978796137
Lactococcus	AgeC	AgeC	-0.0315833688956035	0.0680993984884011	114	28	0.960107238446553	0.981927857502156
Lachnospiraceae_FCS020_group	EntColi	TRUE	-0.00581840134013932	0.123064384818807	114	62	0.962377966289617	0.982018332948589
UCG.010	Location	Urban	-0.00685684925838944	0.157312379147764	114	107	0.965377811179186	0.98285071273899
Fusicatenibacter	EntColi	TRUE	-0.00556460242495167	0.136767847750513	114	102	0.967620046940532	0.982909754228531
Family_XIII_AD3011_group	AgeC	AgeC	0.00158992957027662	0.0446146192290168	114	105	0.971683853712278	0.984814716600282
Anaerofustis	AgeC	AgeC	0.00270576684533835	0.0607566062808871	114	15	0.97481779149966	0.985770800392915
Dorea	Location	Urban	-0.00119311167897627	0.0702274708442425	114	111	0.986503644676805	0.99178349389239
Dialister	EntColi	TRUE	-0.00306147447607381	0.192858549087124	114	106	0.987375567252868	0.99178349389239
Treponema	EntColi	TRUE	-0.00386114042343338	0.243261223721107	114	26	0.987367191637035	0.99178349389239
X.Eubacterium._siraeum_group	AgeC	AgeC	-0.000653591020029656	0.0792234376094881	114	98	0.993444053487945	0.995656623762974
Hungatella	EntColi	TRUE	0.000300494191432331	0.0831626553925162	114	10	0.997123530177889	0.997123530177889
